timestamp,CO2,DO,PM2dot5,Temp,Humidity
1725598612,542,74,95,24,41
1725598672,403,60,7,30,31
1725598732,400,44,40,31,68
1725598792,948,100,64,27,64
1725598852,893,85,27,38,68
1725598912,788,67,102,38,66
1725598972,372,2,7,27,63
1725599032,631,51,141,21,45
1725599092,841,64,106,39,52
1725599152,483,79,75,32,65
1725599212,620,13,39,28,45
1725599272,919,38,22,26,67
1725599332,332,33,60,34,36
1725599392,609,1,135,26,38
1725599452,740,93,147,30,30
1725599512,968,33,25,31,32
1725599572,982,25,75,25,69
1725599632,877,96,67,30,63
1725599692,468,14,7,31,67
1725599752,811,74,2,29,39
1725599812,685,68,2,26,33
1725599872,943,37,123,23,40
1725599932,868,79,24,34,52
1725599992,979,24,29,28,69
1725600052,635,66,141,28,50
1725600112,450,28,115,35,53
1725600172,590,18,69,24,45
1725600232,527,54,37,36,51
1725600292,476,10,1,21,56
1725600352,665,68,121,39,63
1725600412,751,78,101,33,44
1725600472,314,23,141,35,32
1725600532,799,9,93,24,48
1725600592,335,73,69,31,53
1725600652,430,37,116,30,68
1725600712,748,90,27,20,45
1725600772,412,2,84,39,34
1725600832,941,93,66,20,55
1725600892,585,62,35,34,61
1725600952,480,96,0,29,62
1725601012,922,69,141,39,49
1725601072,445,54,109,37,31
1725601132,705,59,131,29,51
1725601192,995,95,58,38,54
1725601252,548,63,123,35,44
1725601312,714,36,136,31,30
1725601372,649,24,8,27,30
1725601432,930,89,90,29,39
1725601492,343,43,144,24,31
1725601552,761,7,5,34,47
1725601612,432,47,22,31,34
1725601672,444,89,22,21,70
1725601732,796,59,78,28,60
1725601792,591,69,32,40,50
1725601852,704,24,109,31,70
1725601912,466,14,106,20,49
1725601972,723,7,117,32,55
1725602032,487,2,128,29,70
1725602092,429,14,132,33,55
1725602152,444,44,145,34,67
1725602212,698,61,80,29,51
1725602272,481,30,35,33,65
1725602332,655,77,58,31,58
1725602392,324,78,149,24,49
1725602452,458,44,134,21,54
1725602512,388,40,114,28,39
1725602572,601,26,69,21,59
1725602632,666,65,68,33,39
1725602692,318,3,55,40,42
1725602752,415,11,4,31,67
1725602812,585,77,40,30,34
1725602872,444,64,122,36,44
1725602932,732,75,1,36,69
1725602992,937,90,54,29,53
1725603052,611,8,76,23,64
1725603112,804,49,71,20,31
1725603172,508,27,108,30,59
1725603232,337,29,18,39,50
1725603292,919,32,9,28,37
1725603352,554,76,143,34,49
1725603412,699,30,13,32,68
1725603472,875,49,1,25,30
1725603532,414,1,19,33,36
1725603592,988,58,13,22,31
1725603652,931,74,100,37,40
1725603712,716,91,37,29,43
1725603772,453,46,66,20,68
1725603832,569,21,128,23,48
1725603892,331,88,141,27,54
1725603952,818,18,45,38,68
1725604012,467,27,77,33,49
1725604072,669,34,96,24,63
1725604132,879,79,105,25,38
1725604192,722,95,115,32,34
1725604252,491,45,118,40,35
1725604312,605,79,150,38,56
1725604372,312,19,90,34,65
1725604432,551,77,56,33,59
1725604492,473,51,54,28,30
1725604552,727,64,121,39,40
1725604612,847,97,128,22,60
1725604672,534,7,0,32,41
1725604732,566,46,58,33,70
1725604792,313,84,34,32,36
1725604852,484,13,77,29,52
1725604912,860,5,61,21,41
1725604972,899,16,54,27,33
1725605032,890,72,77,38,55
1725605092,348,63,45,35,32
1725605152,719,13,94,33,47
1725605212,570,31,99,32,50
1725605272,469,30,27,23,56
1725605332,490,89,78,21,55
1725605392,374,6,110,34,69
1725605452,985,4,89,25,30
1725605512,495,61,70,36,34
1725605572,359,95,5,38,55
1725605632,836,55,131,24,47
1725605692,348,96,13,25,69
1725605752,937,97,82,25,36
1725605812,691,50,117,22,47
1725605872,542,16,67,29,62
1725605932,492,66,95,20,65
1725605992,519,52,7,36,52
1725606052,595,74,103,35,67
1725606112,490,15,99,36,43
1725606172,814,76,66,27,41
1725606232,852,6,143,21,65
1725606292,787,68,35,26,36
1725606352,389,73,130,34,66
1725606412,780,62,145,40,55
1725606472,410,78,67,21,65
1725606532,551,36,74,34,64
1725606592,569,13,3,39,61
1725606652,484,85,121,29,34
1725606712,306,19,20,29,65
1725606772,340,91,69,34,67
1725606832,379,22,112,40,32
1725606892,666,99,121,21,32
1725606952,427,99,81,22,70
1725607012,538,30,112,24,45
1725607072,568,35,120,20,56
1725607132,985,81,110,32,40
1725607192,329,21,130,22,33
1725607252,797,84,26,33,64
1725607312,848,42,54,26,49
1725607372,678,28,102,32,62
1725607432,433,65,94,35,66
1725607492,309,31,27,31,63
1725607552,776,85,13,27,55
1725607612,861,9,132,27,35
1725607672,898,10,104,39,57
1725607732,343,56,64,35,59
1725607792,546,4,14,29,70
1725607852,346,32,137,20,46
1725607912,699,23,86,30,46
1725607972,881,39,37,26,32
1725608032,463,65,24,26,52
1725608092,491,87,6,20,38
1725608152,488,83,50,24,58
1725608212,538,96,120,29,63
1725608272,777,47,101,24,54
1725608332,749,70,5,24,55
1725608392,310,70,116,25,59
1725608452,753,72,123,27,36
1725608512,819,4,100,20,59
1725608572,829,42,122,26,67
1725608632,461,77,103,20,67
1725608692,944,35,125,28,32
1725608752,732,39,56,24,62
1725608812,510,87,36,21,41
1725608872,891,70,20,20,57
1725608932,546,98,140,34,60
1725608992,628,1,140,33,44
1725609052,386,41,144,39,70
1725609112,846,82,52,27,37
1725609172,339,98,86,21,44
1725609232,913,47,136,24,69
1725609292,674,3,11,32,40
1725609352,809,71,50,34,62
1725609412,436,61,122,26,68
1725609472,528,64,93,40,60
1725609532,779,86,80,29,70
1725609592,763,36,84,21,55
1725609652,528,81,51,24,30
1725609712,421,4,138,24,35
1725609772,503,68,102,24,41
1725609832,899,67,54,27,33
1725609892,720,25,107,35,43
1725609952,544,45,21,34,53
1725610012,664,10,134,21,62
1725610072,746,46,51,35,65
1725610132,980,26,36,25,37
1725610192,585,98,127,28,42
1725610252,562,94,2,32,56
1725610312,447,66,98,23,34
1725610372,688,62,5,21,60
1725610432,752,30,47,32,33
1725610492,506,67,25,27,60
1725610552,339,86,64,30,68
1725610612,384,93,69,37,64
1725610672,805,77,134,37,45
1725610732,581,11,79,35,54
1725610792,792,44,93,29,55
1725610852,406,85,72,34,68
1725610912,502,63,137,35,65
1725610972,409,0,131,24,32
1725611032,498,66,11,33,56
1725611092,807,91,66,35,32
1725611152,691,30,78,36,62
1725611212,564,93,107,22,61
1725611272,440,66,138,24,39
1725611332,366,56,114,27,38
1725611392,374,26,148,24,57
1725611452,551,3,15,34,30
1725611512,805,19,9,34,69
1725611572,377,16,98,40,46
1725611632,461,49,83,38,54
1725611692,477,16,12,25,64
1725611752,737,2,148,35,68
1725611812,711,57,142,29,68
1725611872,540,84,2,24,58
1725611932,935,88,68,37,42
1725611992,535,75,47,22,58
1725612052,548,11,29,20,44
1725612112,403,41,8,24,48
1725612172,823,89,106,37,62
1725612232,352,27,113,22,39
1725612292,543,93,19,27,36
1725612352,353,71,81,26,54
1725612412,431,41,145,40,65
1725612472,809,92,95,29,47
1725612532,896,95,139,21,51
1725612592,602,22,143,40,57
1725612652,396,23,111,33,65
1725612712,503,70,128,33,54
1725612772,302,19,53,20,49
1725612832,938,100,79,37,68
1725612892,579,66,74,39,45
1725612952,558,79,131,35,41
1725613012,871,71,131,25,36
1725613072,821,31,45,32,44
1725613132,409,41,148,21,70
1725613192,628,56,27,25,63
1725613252,769,78,2,37,35
1725613312,910,31,106,31,35
1725613372,544,75,47,25,44
1725613432,488,80,150,21,62
1725613492,944,16,1,38,33
1725613552,353,66,10,24,59
1725613612,785,31,98,38,41
1725613672,839,63,61,30,53
1725613732,573,65,120,20,33
1725613792,860,78,70,37,33
1725613852,854,7,77,29,55
1725613912,787,92,120,26,59
1725613972,300,43,85,21,57
1725614032,429,84,74,23,36
1725614092,777,97,83,34,53
1725614152,701,33,143,38,43
1725614212,822,35,8,20,62
1725614272,647,95,99,20,47
1725614332,584,35,34,33,32
1725614392,621,28,28,35,58
1725614452,369,43,12,40,70
1725614512,605,81,101,30,32
1725614572,689,2,111,33,35
1725614632,779,74,57,25,46
1725614692,418,64,124,23,51
1725614752,642,90,91,32,48
1725614812,719,89,83,27,42
1725614872,997,10,63,32,65
1725614932,498,74,11,38,61
1725614992,407,7,60,23,69
1725615052,809,99,75,23,58
1725615112,407,97,30,37,70
1725615172,814,100,19,22,54
1725615232,593,46,131,22,47
1725615292,647,10,132,20,56
1725615352,756,11,48,38,38
1725615412,416,16,122,38,32
1725615472,614,23,55,38,33
1725615532,628,13,103,35,62
1725615592,521,64,109,38,56
1725615652,947,34,25,31,32
1725615712,732,38,139,38,36
1725615772,575,69,31,24,36
1725615832,324,24,21,26,68
1725615892,491,44,137,33,50
1725615952,329,14,85,25,61
1725616012,536,50,73,29,45
1725616072,474,65,36,26,60
1725616132,861,11,76,36,38
1725616192,504,58,14,29,35
1725616252,990,1,74,37,33
1725616312,367,4,8,23,36
1725616372,613,88,55,36,42
1725616432,845,67,4,31,57
1725616492,636,63,141,32,41
1725616552,624,37,50,38,65
1725616612,864,72,95,22,53
1725616672,907,30,94,23,35
1725616732,677,14,80,20,37
1725616792,538,25,77,27,54
1725616852,788,32,41,36,60
1725616912,464,27,112,32,32
1725616972,718,22,121,27,38
1725617032,933,90,125,23,32
1725617092,692,55,108,29,32
1725617152,464,96,7,40,70
1725617212,398,63,90,27,33
1725617272,619,96,11,33,36
1725617332,876,98,118,30,43
1725617392,833,25,44,38,47
1725617452,621,44,30,37,62
1725617512,982,11,59,28,42
1725617572,806,4,61,30,42
1725617632,876,7,110,32,61
1725617692,321,95,106,28,53
1725617752,650,46,56,40,44
1725617812,404,33,65,35,58
1725617872,470,5,135,28,48
1725617932,636,54,127,26,61
1725617992,551,36,47,37,34
1725618052,923,4,57,20,63
1725618112,608,98,5,35,50
1725618172,832,31,148,34,58
1725618232,888,49,90,28,69
1725618292,421,99,42,36,57
1725618352,386,18,100,26,54
1725618412,962,97,148,38,55
1725618472,790,47,52,32,38
1725618532,697,17,150,26,51
1725618592,915,81,80,20,34
1725618652,317,95,80,37,69
1725618712,564,44,93,21,37
1725618772,486,50,47,25,35
1725618832,350,12,85,26,35
1725618892,423,36,25,26,38
1725618952,592,45,67,40,31
1725619012,637,31,78,20,44
1725619072,881,7,108,31,40
1725619132,697,55,118,38,50
1725619192,478,80,22,26,46
1725619252,516,8,77,31,40
1725619312,908,20,67,27,43
1725619372,337,3,82,20,30
1725619432,505,20,148,32,59
1725619492,371,31,20,37,64
1725619552,573,28,103,38,33
1725619612,479,77,50,40,45
1725619672,613,96,40,25,61
1725619732,710,84,30,35,55
1725619792,627,88,85,20,53
1725619852,903,8,14,27,40
1725619912,350,40,146,39,67
1725619972,710,64,76,38,47
1725620032,309,77,110,27,44
1725620092,530,33,128,20,50
1725620152,950,74,99,21,70
1725620212,394,37,81,26,49
1725620272,387,66,52,26,39
1725620332,601,80,125,20,38
1725620392,823,97,2,33,59
1725620452,483,9,53,38,54
1725620512,837,48,92,31,57
1725620572,924,62,84,39,66
1725620632,366,17,14,21,55
1725620692,434,41,38,29,49
1725620752,301,85,47,30,64
1725620812,889,40,144,32,48
1725620872,884,37,142,37,66
1725620932,701,37,86,21,45
1725620992,326,79,150,27,42
1725621052,771,26,44,28,45
1725621112,688,12,147,27,63
1725621172,610,0,53,20,66
1725621232,441,9,122,28,60
1725621292,776,23,75,33,38
1725621352,348,62,41,32,61
1725621412,679,50,34,29,65
1725621472,818,61,111,24,48
1725621532,744,57,70,20,63
1725621592,561,73,29,21,58
1725621652,474,28,5,35,44
1725621712,792,72,0,38,31
1725621772,910,97,124,20,47
1725621832,831,57,101,36,57
1725621892,887,60,124,28,37
1725621952,564,97,139,24,37
1725622012,510,100,77,25,43
1725622072,727,83,15,26,37
1725622132,530,72,128,26,59
1725622192,507,20,47,34,68
1725622252,383,46,100,22,63
1725622312,537,80,39,29,51
1725622372,397,63,125,33,41
1725622432,633,16,61,33,41
1725622492,778,7,40,22,45
1725622552,898,96,69,37,34
1725622612,513,68,64,29,30
1725622672,724,72,43,32,35
1725622732,548,77,104,25,52
1725622792,317,62,123,33,33
1725622852,653,18,139,33,56
1725622912,384,16,146,35,35
1725622972,788,99,54,36,43
1725623032,477,39,94,27,61
1725623092,596,80,76,35,32
1725623152,753,77,21,26,56
1725623212,409,6,113,36,64
1725623272,462,5,106,26,35
1725623332,533,53,141,32,55
1725623392,381,90,123,22,31
1725623452,826,60,48,21,52
1725623512,354,93,107,22,47
1725623572,824,2,64,34,45
1725623632,376,13,149,20,53
1725623692,397,30,21,36,36
1725623752,609,89,60,36,50
1725623812,933,76,6,34,33
1725623872,467,68,133,24,68
1725623932,340,31,60,31,43
1725623992,775,67,104,23,60
1725624052,463,81,30,29,48
1725624112,938,19,150,38,55
1725624172,550,70,16,38,70
1725624232,993,82,10,38,52
1725624292,967,67,42,21,39
1725624352,334,42,106,35,35
1725624412,785,83,64,23,60
1725624472,923,23,95,34,63
1725624532,404,15,136,35,35
1725624592,782,78,38,22,47
1725624652,688,8,141,37,60
1725624712,969,51,14,22,56
1725624772,486,46,150,33,69
1725624832,993,71,147,32,45
1725624892,565,67,111,25,60
1725624952,876,2,61,27,51
1725625012,854,4,51,34,53
1725625072,488,51,4,32,65
1725625132,738,89,7,36,40
1725625192,418,27,83,24,37
1725625252,993,17,17,20,33
1725625312,543,54,116,29,40
1725625372,606,77,134,27,36
1725625432,461,98,68,38,57
1725625492,736,24,73,30,34
1725625552,547,70,23,39,52
1725625612,972,99,17,30,59
1725625672,736,69,108,40,36
1725625732,413,62,139,29,56
1725625792,547,23,145,25,43
1725625852,654,2,113,24,40
1725625912,880,52,130,23,53
1725625972,970,35,146,23,42
1725626032,553,33,119,23,50
1725626092,676,16,20,27,46
1725626152,980,78,108,31,69
1725626212,983,68,39,32,50
1725626272,532,20,10,40,36
1725626332,415,59,3,23,34
1725626392,811,9,26,21,60
1725626452,761,70,107,32,37
1725626512,803,94,66,40,65
1725626572,482,5,119,36,42
1725626632,880,23,77,33,41
1725626692,985,64,3,20,66
1725626752,488,47,21,23,47
1725626812,673,44,63,32,45
1725626872,419,74,39,24,33
1725626932,327,81,0,23,70
1725626992,973,46,116,40,39
1725627052,393,47,121,33,40
1725627112,424,25,8,40,39
1725627172,363,4,119,38,43
1725627232,683,9,135,31,68
1725627292,854,44,147,24,61
1725627352,758,86,32,27,39
1725627412,697,10,110,31,31
1725627472,647,10,14,26,64
1725627532,446,77,95,35,35
1725627592,888,11,5,35,55
1725627652,699,32,116,31,48
1725627712,464,17,66,35,52
1725627772,556,70,54,30,43
1725627832,983,9,81,39,68
1725627892,376,50,135,34,34
1725627952,596,49,78,32,31
1725628012,535,25,32,27,46
1725628072,439,4,44,27,44
1725628132,738,67,16,34,66
1725628192,596,92,100,20,46
1725628252,429,51,34,32,70
1725628312,620,13,77,20,43
1725628372,913,36,94,39,33
1725628432,971,20,46,35,33
1725628492,627,83,35,39,33
1725628552,771,11,33,37,46
1725628612,371,22,25,30,47
1725628672,920,64,24,20,57
1725628732,923,18,57,20,61
1725628792,865,3,88,37,31
1725628852,675,82,75,32,33
1725628912,574,52,6,34,64
1725628972,414,20,95,29,58
1725629032,840,57,21,40,35
1725629092,794,91,27,22,69
1725629152,686,11,40,25,57
1725629212,354,32,37,28,30
1725629272,655,48,126,24,41
1725629332,517,43,55,23,39
1725629392,816,21,150,38,36
1725629452,958,95,149,29,70
1725629512,932,37,22,34,45
1725629572,374,81,12,28,40
1725629632,516,84,50,35,37
1725629692,826,34,20,30,70
1725629752,349,0,120,40,35
1725629812,801,55,58,39,64
1725629872,497,36,138,38,43
1725629932,476,19,119,32,33
1725629992,775,20,59,23,45
1725630052,764,6,92,21,51
1725630112,866,69,118,34,54
1725630172,300,94,37,33,68
1725630232,791,65,86,36,59
1725630292,956,18,25,28,66
1725630352,920,59,73,36,67
1725630412,971,61,80,22,34
1725630472,397,20,147,21,33
1725630532,715,53,7,21,34
1725630592,845,67,82,29,40
1725630652,736,7,84,24,68
1725630712,938,9,11,26,48
1725630772,517,72,61,26,40
1725630832,672,48,49,25,34
1725630892,731,48,126,28,40
1725630952,409,49,29,29,35
1725631012,826,55,43,39,65
1725631072,517,30,50,25,35
1725631132,620,49,71,23,60
1725631192,406,10,141,24,50
1725631252,808,22,130,21,61
1725631312,956,54,144,25,59
1725631372,870,90,19,34,39
1725631432,614,30,89,28,62
1725631492,776,81,35,27,34
1725631552,881,96,95,20,34
1725631612,768,54,101,21,54
1725631672,780,94,150,30,44
1725631732,617,25,90,25,30
1725631792,451,92,103,35,57
1725631852,307,11,135,20,69
1725631912,691,18,5,33,42
1725631972,345,1,60,28,42
1725632032,643,75,28,26,42
1725632092,860,88,22,40,64
1725632152,621,22,9,24,49
1725632212,641,65,61,27,69
1725632272,633,33,20,22,60
1725632332,530,58,133,25,39
1725632392,817,54,146,23,59
1725632452,447,46,132,20,38
1725632512,493,21,84,28,42
1725632572,873,67,44,22,42
1725632632,762,85,49,30,40
1725632692,878,87,112,33,55
1725632752,789,82,59,25,41
1725632812,408,95,76,29,69
1725632872,586,48,48,21,58
1725632932,469,64,91,34,36
1725632992,939,54,90,30,66
1725633052,949,40,112,25,46
1725633112,733,16,0,38,69
1725633172,640,89,67,23,41
1725633232,349,76,57,23,49
1725633292,457,99,57,30,58
1725633352,896,2,121,36,46
1725633412,917,39,100,31,59
1725633472,985,75,67,22,53
1725633532,371,78,35,37,49
1725633592,672,40,95,27,53
1725633652,549,44,26,33,37
1725633712,523,14,125,35,62
1725633772,464,1,2,28,43
1725633832,624,77,72,38,34
1725633892,514,34,33,23,42
1725633952,496,49,92,24,45
1725634012,972,60,133,23,43
1725634072,784,74,113,30,31
1725634132,964,12,131,39,50
1725634192,888,59,125,23,35
1725634252,892,81,57,36,40
1725634312,765,4,130,27,42
1725634372,343,28,33,23,63
1725634432,584,82,49,33,51
1725634492,905,1,106,29,70
1725634552,736,73,109,26,63
1725634612,495,15,45,34,69
1725634672,752,67,112,35,60
1725634732,742,94,109,34,51
1725634792,977,5,118,38,38
1725634852,759,20,102,31,68
1725634912,905,10,13,32,49
1725634972,732,27,129,26,58
1725635032,655,35,145,20,57
1725635092,585,92,109,38,48
1725635152,742,1,108,34,42
1725635212,396,49,114,39,51
1725635272,749,87,82,33,43
1725635332,553,96,7,25,65
1725635392,888,0,6,22,43
1725635452,756,70,61,23,55
1725635512,417,17,30,36,69
1725635572,574,51,69,33,32
1725635632,896,91,4,40,31
1725635692,728,82,53,21,56
1725635752,732,43,149,33,42
1725635812,609,70,138,20,57
1725635872,645,22,128,30,67
1725635932,633,12,83,33,34
1725635992,409,34,64,27,32
1725636052,852,67,87,21,32
1725636112,905,90,15,25,52
1725636172,636,64,59,21,56
1725636232,431,58,94,38,50
1725636292,992,4,23,36,45
1725636352,722,12,81,29,53
1725636412,936,88,6,23,51
1725636472,466,62,91,31,43
1725636532,387,73,58,38,57
1725636592,521,3,7,20,50
1725636652,819,66,110,28,45
1725636712,538,65,125,37,59
1725636772,841,2,150,31,32
1725636832,424,37,15,34,66
1725636892,786,70,130,20,31
1725636952,504,64,82,29,45
1725637012,413,16,4,27,42
1725637072,540,55,83,23,56
1725637132,613,92,10,37,44
1725637192,424,74,92,27,32
1725637252,785,63,43,34,64
1725637312,486,18,118,26,68
1725637372,893,38,103,26,61
1725637432,340,91,52,35,35
1725637492,384,18,62,26,30
1725637552,665,81,131,29,63
1725637612,723,78,95,25,45
1725637672,591,94,39,22,38
1725637732,463,52,57,38,69
1725637792,666,0,15,23,59
1725637852,804,13,13,39,67
1725637912,880,50,10,31,59
1725637972,929,34,13,29,63
1725638032,781,55,15,34,51
1725638092,634,37,38,30,39
1725638152,412,12,100,24,67
1725638212,440,68,147,34,66
1725638272,800,11,51,40,46
1725638332,739,75,96,32,32
1725638392,676,8,74,26,47
1725638452,387,65,121,29,31
1725638512,543,25,148,38,68
1725638572,619,8,18,26,69
1725638632,554,16,61,25,56
1725638692,608,92,10,24,43
1725638752,523,12,22,32,58
1725638812,308,5,54,20,62
1725638872,539,78,76,24,41
1725638932,312,97,113,34,37
1725638992,454,23,67,40,60
1725639052,795,59,41,40,52
1725639112,736,99,91,32,37
1725639172,416,31,41,35,60
1725639232,773,41,8,33,59
1725639292,411,59,34,37,70
1725639352,998,99,76,25,35
1725639412,377,36,70,24,70
1725639472,915,94,75,26,49
1725639532,571,55,44,34,50
1725639592,536,53,103,29,67
1725639652,334,58,93,38,46
1725639712,442,55,28,20,59
1725639772,602,84,27,38,70
1725639832,975,14,123,32,59
1725639892,793,84,140,39,44
1725639952,869,93,0,26,33
1725640012,679,56,127,27,57
1725640072,887,1,134,29,61
1725640132,550,8,147,26,43
1725640192,897,91,123,39,49
1725640252,533,6,141,33,68
1725640312,751,91,0,34,34
1725640372,347,81,45,21,41
1725640432,953,10,76,33,53
1725640492,619,62,5,39,61
1725640552,869,49,54,25,30
1725640612,517,74,17,25,47
1725640672,520,79,55,29,69
1725640732,715,81,64,40,55
1725640792,582,84,119,26,58
1725640852,497,81,106,37,67
1725640912,329,62,60,32,55
1725640972,356,70,15,28,51
1725641032,686,43,130,31,60
1725641092,439,38,70,30,31
1725641152,934,9,55,36,67
1725641212,359,22,72,22,43
1725641272,342,91,128,34,62
1725641332,602,82,135,33,69
1725641392,659,79,66,21,67
1725641452,985,81,77,27,62
1725641512,895,35,104,28,37
1725641572,852,6,113,35,57
1725641632,304,2,60,25,59
1725641692,349,29,22,38,43
1725641752,662,49,150,22,48
1725641812,725,79,9,27,58
1725641872,510,63,61,38,34
1725641932,557,5,78,39,32
1725641992,899,29,118,22,59
1725642052,835,50,136,31,39
1725642112,590,44,25,22,45
1725642172,468,78,60,25,49
1725642232,511,67,37,39,53
1725642292,686,23,131,35,55
1725642352,543,48,135,29,31
1725642412,414,36,106,21,62
1725642472,737,42,49,36,33
1725642532,403,83,142,35,46
1725642592,455,66,128,21,64
1725642652,443,92,102,34,44
1725642712,892,66,34,35,31
1725642772,741,29,42,35,46
1725642832,307,85,67,37,40
1725642892,988,8,91,37,45
1725642952,904,69,22,23,52
1725643012,746,52,12,20,52
1725643072,593,82,133,22,44
1725643132,714,25,39,22,45
1725643192,643,0,0,32,60
1725643252,541,27,107,31,55
1725643312,726,92,39,39,43
1725643372,871,43,95,40,61
1725643432,945,47,96,32,47
1725643492,306,47,55,34,35
1725643552,966,17,78,22,64
1725643612,875,52,89,33,33
1725643672,746,88,117,27,44
1725643732,333,55,93,39,33
1725643792,376,67,76,37,65
1725643852,777,14,92,38,53
1725643912,798,92,28,26,70
1725643972,322,65,125,38,36
1725644032,828,76,66,27,69
1725644092,541,23,109,24,51
1725644152,544,27,25,21,48
1725644212,774,25,130,38,59
1725644272,897,56,106,22,61
1725644332,742,33,14,37,62
1725644392,767,37,117,35,66
1725644452,488,50,150,36,39
1725644512,316,21,145,29,33
1725644572,926,11,149,28,52
1725644632,626,95,52,25,44
1725644692,854,85,102,29,55
1725644752,655,94,58,22,55
1725644812,706,62,51,25,57
1725644872,686,55,105,34,32
1725644932,794,67,119,34,61
1725644992,483,90,135,32,36
1725645052,543,24,112,29,56
1725645112,997,68,93,31,49
1725645172,766,85,125,33,55
1725645232,489,78,37,37,47
1725645292,602,50,138,34,41
1725645352,340,36,73,40,38
1725645412,566,88,102,27,57
1725645472,344,64,51,29,43
1725645532,397,30,21,33,44
1725645592,346,45,59,40,58
1725645652,457,100,150,23,33
1725645712,717,90,27,34,34
1725645772,944,1,49,27,36
1725645832,986,27,14,22,58
1725645892,907,52,102,38,46
1725645952,863,59,35,22,52
1725646012,305,10,41,35,43
1725646072,882,13,110,33,47
1725646132,710,63,60,34,61
1725646192,890,58,10,40,43
1725646252,739,73,109,39,35
1725646312,487,91,61,40,48
1725646372,866,81,28,20,56
1725646432,936,22,136,29,51
1725646492,492,93,125,32,41
1725646552,695,42,70,37,63
1725646612,770,41,126,30,39
1725646672,700,57,26,28,56
1725646732,534,12,83,28,47
1725646792,307,90,62,39,34
1725646852,984,5,6,38,47
1725646912,423,77,58,39,51
1725646972,704,69,130,30,36
1725647032,974,17,106,26,40
1725647092,644,85,106,34,64
1725647152,924,0,129,24,69
1725647212,355,51,127,26,35
1725647272,350,24,42,39,65
1725647332,637,12,8,38,41
1725647392,860,60,94,34,41
1725647452,442,75,68,31,31
1725647512,901,75,78,37,56
1725647572,722,48,130,26,52
1725647632,343,6,59,23,56
1725647692,969,31,35,26,33
1725647752,718,27,19,29,32
1725647812,367,19,117,21,62
1725647872,717,31,79,37,49
1725647932,489,38,136,29,58
1725647992,440,12,124,38,51
1725648052,919,50,28,31,34
1725648112,888,27,39,38,40
1725648172,881,22,34,40,35
1725648232,428,100,43,34,39
1725648292,929,93,70,27,40
1725648352,570,22,56,20,47
1725648412,633,23,75,27,68
1725648472,486,28,117,38,70
1725648532,899,34,127,26,54
1725648592,746,40,134,38,69
1725648652,307,83,56,26,62
1725648712,339,41,56,27,51
1725648772,753,86,116,21,70
1725648832,401,67,66,36,66
1725648892,430,90,0,38,64
1725648952,703,39,84,37,54
1725649012,692,11,83,28,39
1725649072,554,98,97,37,64
1725649132,728,39,48,31,38
1725649192,976,99,100,22,59
1725649252,428,27,109,40,52
1725649312,824,91,150,39,33
1725649372,411,70,132,28,49
1725649432,954,15,2,32,64
1725649492,811,25,12,32,67
1725649552,649,14,4,32,43
1725649612,815,73,33,35,35
1725649672,645,76,131,24,45
1725649732,617,72,127,37,52
1725649792,319,64,107,25,64
1725649852,662,59,35,36,67
1725649912,761,93,140,37,36
1725649972,382,49,58,40,45
1725650032,773,51,89,33,69
1725650092,566,0,2,23,50
1725650152,650,53,71,34,68
1725650212,622,12,4,26,64
1725650272,705,65,52,35,45
1725650332,501,23,84,32,64
1725650392,921,88,65,24,49
1725650452,483,56,56,31,30
1725650512,739,40,1,40,42
1725650572,838,88,80,27,36
1725650632,599,86,40,36,51
1725650692,438,15,109,30,61
1725650752,698,97,109,36,39
1725650812,301,84,78,28,49
1725650872,479,12,38,33,55
1725650932,402,28,0,36,57
1725650992,512,68,60,37,64
1725651052,480,25,58,30,69
1725651112,555,55,127,38,38
1725651172,778,58,95,29,62
1725651232,348,39,132,27,30
1725651292,960,16,139,25,35
1725651352,820,92,83,29,52
1725651412,902,9,78,38,45
1725651472,657,6,73,20,64
1725651532,404,29,21,34,63
1725651592,778,81,148,30,69
1725651652,615,57,149,35,54
1725651712,850,11,55,34,39
1725651772,792,89,55,27,59
1725651832,791,24,60,21,44
1725651892,840,92,14,23,40
1725651952,622,66,31,36,70
1725652012,573,93,31,29,37
1725652072,738,58,21,40,49
1725652132,866,59,14,34,61
1725652192,704,92,72,27,55
1725652252,367,94,16,36,70
1725652312,499,88,94,35,36
1725652372,407,23,107,21,53
1725652432,963,45,108,29,34
1725652492,748,66,134,40,39
1725652552,450,17,77,27,59
1725652612,387,18,144,22,63
1725652672,740,28,81,24,51
1725652732,774,81,3,36,63
1725652792,382,52,32,21,67
1725652852,334,14,111,37,41
1725652912,659,3,72,28,45
1725652972,476,100,124,24,55
1725653032,341,90,136,38,40
1725653092,430,30,145,22,68
1725653152,946,8,40,37,33
1725653212,738,1,9,28,67
1725653272,922,87,108,33,67
1725653332,679,56,50,33,58
1725653392,311,20,143,23,51
1725653452,984,12,96,29,63
1725653512,514,65,5,34,64
1725653572,491,42,17,38,58
1725653632,962,95,18,37,32
1725653692,636,66,10,37,69
1725653752,511,92,55,33,40
1725653812,428,43,82,40,69
1725653872,692,36,52,25,41
1725653932,927,64,52,37,57
1725653992,403,48,32,28,68
1725654052,950,4,31,23,68
1725654112,508,3,63,38,58
1725654172,565,99,145,33,56
1725654232,702,63,103,24,44
1725654292,563,9,53,24,49
1725654352,804,51,59,26,48
1725654412,928,84,56,23,47
1725654472,492,23,20,35,33
1725654532,526,64,96,23,47
1725654592,839,59,70,24,42
1725654652,348,44,89,33,37
1725654712,398,4,52,20,69
1725654772,846,37,26,28,49
1725654832,344,55,135,35,37
1725654892,794,18,55,29,52
1725654952,512,37,135,37,30
1725655012,767,23,115,33,62
1725655072,563,18,149,31,46
1725655132,845,61,96,28,62
1725655192,766,96,77,21,62
1725655252,357,18,62,26,63
1725655312,592,3,31,40,53
1725655372,567,45,57,38,53
1725655432,566,28,61,37,38
1725655492,973,44,122,38,60
1725655552,967,41,134,20,33
1725655612,321,56,133,40,41
1725655672,457,65,69,30,67
1725655732,526,63,133,33,46
1725655792,786,57,87,28,47
1725655852,953,46,29,21,40
1725655912,634,60,55,25,50
1725655972,367,24,94,31,58
1725656032,892,31,100,22,31
1725656092,746,93,68,29,34
1725656152,543,71,60,25,60
1725656212,960,80,82,32,55
1725656272,579,23,144,32,69
1725656332,516,66,59,37,69
1725656392,782,1,17,20,42
1725656452,413,7,31,21,50
1725656512,490,81,51,26,53
1725656572,499,60,79,35,69
1725656632,984,4,10,22,62
1725656692,862,57,115,37,41
1725656752,958,25,100,24,42
1725656812,420,79,53,34,48
1725656872,411,93,52,27,60
1725656932,738,62,30,28,38
1725656992,757,53,124,21,41
1725657052,748,48,124,36,43
1725657112,861,32,133,40,42
1725657172,387,9,135,39,66
1725657232,912,72,128,21,44
1725657292,916,62,36,23,64
1725657352,894,15,101,35,45
1725657412,645,40,53,20,52
1725657472,962,68,129,28,58
1725657532,434,63,43,36,56
1725657592,908,79,114,37,61
1725657652,981,100,121,27,45
1725657712,735,56,105,28,36
1725657772,484,27,79,38,65
1725657832,751,3,136,20,54
1725657892,551,8,105,28,43
1725657952,964,8,69,39,49
1725658012,781,23,59,33,63
1725658072,837,69,76,26,67
1725658132,423,82,68,22,49
1725658192,779,97,130,25,50
1725658252,917,96,42,26,37
1725658312,355,99,24,22,65
1725658372,452,77,28,32,67
1725658432,598,14,110,33,33
1725658492,411,96,37,26,58
1725658552,564,19,110,21,35
1725658612,388,31,99,24,65
1725658672,986,37,9,36,69
1725658732,883,55,149,39,40
1725658792,319,85,18,25,64
1725658852,330,0,26,27,43
1725658912,460,39,82,33,53
1725658972,743,11,15,36,69
1725659032,758,48,20,27,48
1725659092,902,64,74,30,36
1725659152,886,27,88,23,63
1725659212,921,16,10,21,66
1725659272,854,20,27,37,51
1725659332,360,54,24,22,33
1725659392,359,59,147,35,31
1725659452,336,92,20,20,48
1725659512,358,33,43,38,36
1725659572,543,79,139,20,57
1725659632,969,36,7,38,54
1725659692,576,6,111,23,57
1725659752,617,68,113,36,39
1725659812,985,52,7,39,32
1725659872,516,15,45,25,70
1725659932,339,93,31,30,66
1725659992,316,19,82,23,43
1725660052,791,19,42,30,52
1725660112,813,61,48,31,49
1725660172,939,67,9,25,51
1725660232,983,83,48,20,62
1725660292,978,73,90,31,63
1725660352,949,5,64,32,57
1725660412,386,42,31,24,32
1725660472,975,85,22,36,40
1725660532,706,5,136,30,68
1725660592,631,98,122,32,67
1725660652,753,69,34,32,56
1725660712,771,63,0,22,61
1725660772,648,56,98,34,37
1725660832,545,21,14,32,63
1725660892,725,14,79,24,64
1725660952,528,37,71,23,45
1725661012,344,13,20,30,69
1725661072,441,72,31,24,34
1725661132,816,30,16,37,51
1725661192,466,86,57,39,47
1725661252,917,85,5,36,43
1725661312,948,53,66,30,58
1725661372,548,97,9,35,61
1725661432,565,6,96,34,39
1725661492,493,69,36,21,66
1725661552,953,86,71,28,59
1725661612,728,21,69,23,62
1725661672,446,61,120,30,30
1725661732,463,39,99,34,54
1725661792,590,18,106,35,39
1725661852,794,18,129,20,52
1725661912,933,75,148,24,45
1725661972,985,12,89,35,67
1725662032,312,7,70,29,63
1725662092,316,16,105,40,60
1725662152,976,84,72,39,55
1725662212,475,68,61,28,36
1725662272,897,80,109,28,43
1725662332,803,5,53,21,65
1725662392,637,54,52,21,43
1725662452,505,73,32,34,31
1725662512,321,23,108,31,64
1725662572,771,50,65,31,48
1725662632,605,31,64,33,51
1725662692,609,23,147,31,51
1725662752,847,18,85,30,52
1725662812,556,20,150,37,46
1725662872,768,73,60,33,69
1725662932,868,63,102,36,33
1725662992,857,47,77,40,48
1725663052,701,32,35,29,50
1725663112,913,52,29,35,69
1725663172,706,31,24,39,66
1725663232,766,91,104,38,63
1725663292,718,89,12,30,32
1725663352,519,8,98,38,68
1725663412,454,18,58,36,59
1725663472,843,43,75,23,34
1725663532,709,0,48,35,49
1725663592,838,21,19,32,63
1725663652,535,20,143,38,44
1725663712,801,74,65,32,67
1725663772,842,92,36,34,36
1725663832,915,32,101,20,34
1725663892,756,23,116,30,54
1725663952,399,71,65,20,52
1725664012,807,25,12,27,47
1725664072,462,44,72,32,62
1725664132,930,41,93,27,65
1725664192,782,35,125,23,54
1725664252,834,88,115,22,50
1725664312,807,21,143,34,37
1725664372,996,73,27,39,67
1725664432,401,38,52,25,46
1725664492,725,38,16,20,46
1725664552,435,73,117,23,54
1725664612,337,6,43,36,66
1725664672,648,20,79,39,49
1725664732,760,63,29,26,61
1725664792,871,68,65,23,33
1725664852,517,66,17,38,64
1725664912,523,78,33,21,30
1725664972,989,11,123,29,64
1725665032,720,87,105,25,58
1725665092,715,16,42,34,45
1725665152,690,93,3,33,58
1725665212,375,9,107,39,49
1725665272,963,82,113,39,68
1725665332,452,10,0,37,41
1725665392,795,24,119,35,35
1725665452,607,7,118,37,56
1725665512,380,44,84,30,46
1725665572,658,37,88,27,47
1725665632,934,25,105,32,62
1725665692,648,71,61,36,35
1725665752,573,50,147,33,60
1725665812,511,19,37,36,36
1725665872,591,40,58,24,35
1725665932,663,35,57,23,36
1725665992,320,37,51,39,49
1725666052,352,37,137,35,47
1725666112,993,33,49,39,36
1725666172,674,91,120,20,70
1725666232,604,61,102,37,36
1725666292,951,34,89,32,34
1725666352,622,9,70,36,44
1725666412,614,94,126,40,68
1725666472,592,21,60,23,67
1725666532,553,43,5,23,55
1725666592,476,65,123,40,32
1725666652,617,39,142,34,37
1725666712,854,37,22,23,45
1725666772,701,94,4,29,38
1725666832,637,98,87,38,67
1725666892,501,11,137,35,60
1725666952,441,77,65,37,62
1725667012,692,2,30,28,54
1725667072,804,30,108,30,56
1725667132,996,71,74,21,53
1725667192,401,93,48,30,39
1725667252,571,41,147,39,35
1725667312,879,5,126,30,58
1725667372,920,76,19,30,31
1725667432,652,7,64,30,58
1725667492,734,35,79,33,60
1725667552,466,41,59,22,41
1725667612,308,49,60,35,60
1725667672,851,7,6,23,65
1725667732,705,72,36,22,30
1725667792,791,0,54,36,55
1725667852,505,52,131,23,59
1725667912,874,57,114,23,49
1725667972,731,65,138,37,64
1725668032,905,99,133,39,50
1725668092,883,76,9,28,49
1725668152,719,25,34,26,58
1725668212,851,20,18,22,32
1725668272,582,18,0,21,34
1725668332,382,42,64,32,38
1725668392,466,35,104,23,70
1725668452,346,84,95,23,59
1725668512,357,4,52,36,61
1725668572,309,11,50,23,61
1725668632,547,72,25,20,65
1725668692,589,10,126,21,60
1725668752,880,68,126,20,54
1725668812,476,3,37,33,36
1725668872,502,20,73,37,30
1725668932,790,64,140,35,40
1725668992,643,58,81,38,32
1725669052,686,87,63,32,65
1725669112,344,36,11,24,62
1725669172,472,41,12,39,53
1725669232,548,47,14,38,50
1725669292,576,21,40,21,30
1725669352,323,0,0,40,35
1725669412,514,64,56,22,63
1725669472,403,72,72,30,56
1725669532,837,0,12,32,30
1725669592,558,4,124,22,68
1725669652,651,10,142,30,55
1725669712,495,91,123,21,44
1725669772,387,16,31,23,49
1725669832,598,65,7,30,33
1725669892,796,39,120,34,52
1725669952,811,29,48,37,47
1725670012,397,98,95,24,35
1725670072,815,93,99,24,44
1725670132,430,15,74,39,52
1725670192,619,7,95,33,53
1725670252,905,4,57,20,40
1725670312,609,20,109,28,57
1725670372,897,3,21,40,54
1725670432,674,65,37,33,64
1725670492,641,34,36,25,49
1725670552,845,30,105,31,49
1725670612,728,26,41,23,63
1725670672,898,11,114,27,66
1725670732,397,50,11,25,47
1725670792,511,30,27,40,43
1725670852,312,44,104,38,40
1725670912,570,17,117,38,35
1725670972,923,74,93,34,39
1725671032,595,62,97,34,41
1725671092,921,88,60,20,67
1725671152,403,64,0,29,43
1725671212,939,57,77,40,67
1725671272,405,36,31,38,39
1725671332,636,67,8,25,41
1725671392,857,24,147,21,57
1725671452,925,85,49,40,43
1725671512,937,41,150,21,69
1725671572,867,71,70,33,51
1725671632,840,77,13,31,67
1725671692,546,42,67,24,56
1725671752,630,61,130,31,54
1725671812,549,83,109,30,61
1725671872,969,40,86,31,49
1725671932,886,15,52,31,34
1725671992,300,98,54,33,35
1725672052,473,30,130,21,31
1725672112,481,61,80,21,30
1725672172,629,38,86,40,64
1725672232,624,55,65,37,63
1725672292,473,26,116,27,50
1725672352,426,98,93,38,44
1725672412,861,18,62,38,56
1725672472,389,27,65,23,52
1725672532,931,40,120,35,38
1725672592,641,36,29,37,47
1725672652,901,54,76,36,42
1725672712,557,8,102,31,61
1725672772,406,9,78,27,54
1725672832,914,41,144,25,53
1725672892,363,27,128,31,56
1725672952,346,0,77,21,39
1725673012,668,63,17,23,38
1725673072,402,55,43,27,32
1725673132,837,81,74,21,51
1725673192,672,54,15,40,69
1725673252,895,28,87,40,65
1725673312,711,84,82,27,64
1725673372,569,41,68,27,32
1725673432,921,13,112,24,39
1725673492,833,98,16,31,36
1725673552,660,75,0,38,53
1725673612,584,65,147,24,50
1725673672,714,45,118,35,54
1725673732,373,50,112,33,40
1725673792,730,51,37,20,65
1725673852,441,28,85,33,46
1725673912,989,85,126,37,33
1725673972,817,78,114,30,70
1725674032,913,89,79,36,30
1725674092,497,80,127,39,43
1725674152,820,20,114,22,62
1725674212,508,92,72,23,45
1725674272,377,39,0,39,52
1725674332,815,78,83,29,57
1725674392,888,52,108,29,35
1725674452,349,57,103,35,60
1725674512,788,56,45,31,55
1725674572,832,58,138,40,56
1725674632,355,3,81,31,47
1725674692,664,94,31,31,42
1725674752,390,76,28,29,31
1725674812,329,57,19,29,53
1725674872,480,61,47,36,64
1725674932,694,90,132,22,63
1725674992,533,20,61,39,49
1725675052,657,85,113,30,38
1725675112,429,38,78,31,53
1725675172,472,38,149,38,44
1725675232,504,96,141,29,69
1725675292,372,89,74,25,35
1725675352,381,9,138,37,44
1725675412,681,0,87,23,59
1725675472,937,40,35,38,65
1725675532,858,67,7,40,44
1725675592,526,10,94,28,33
1725675652,446,62,1,32,52
1725675712,372,10,117,20,35
1725675772,782,47,126,30,54
1725675832,739,28,48,40,66
1725675892,592,84,87,22,57
1725675952,705,1,5,40,49
1725676012,544,9,68,29,69
1725676072,660,1,132,29,42
1725676132,835,99,68,24,58
1725676192,696,67,142,29,34
1725676252,883,90,26,37,52
1725676312,991,69,94,38,55
1725676372,416,95,68,20,33
1725676432,978,99,118,26,61
1725676492,444,78,87,35,53
1725676552,368,59,122,33,50
1725676612,587,82,72,40,67
1725676672,552,77,108,20,60
1725676732,562,49,88,38,59
1725676792,951,61,115,29,44
1725676852,628,14,35,33,57
1725676912,787,27,10,39,42
1725676972,493,51,124,39,48
1725677032,941,28,137,23,61
1725677092,980,85,106,33,39
1725677152,474,1,145,39,65
1725677212,952,88,46,27,49
1725677272,528,99,110,33,59
1725677332,829,17,99,20,30
1725677392,479,99,115,31,50
1725677452,806,79,20,40,61
1725677512,830,52,44,20,38
1725677572,822,63,17,22,36
1725677632,783,34,101,39,63
1725677692,703,43,105,26,33
1725677752,761,64,61,24,62
1725677812,368,96,80,24,53
1725677872,338,66,38,35,30
1725677932,669,62,146,36,54
1725677992,616,84,24,33,54
1725678052,578,87,79,35,37
1725678112,322,91,51,28,43
1725678172,765,9,109,27,64
1725678232,941,71,131,35,53
1725678292,358,22,20,21,36
1725678352,746,9,86,38,67
1725678412,370,97,99,37,43
1725678472,351,92,57,25,40
1725678532,987,53,126,25,43
1725678592,711,66,20,37,56
1725678652,814,1,19,34,65
1725678712,353,95,100,37,33
1725678772,334,20,100,37,65
1725678832,866,32,144,37,51
1725678892,418,45,36,37,32
1725678952,859,94,103,32,64
1725679012,311,43,64,23,38
1725679072,302,20,69,31,62
1725679132,507,81,117,39,62
1725679192,531,46,94,20,42
1725679252,908,62,91,36,42
1725679312,403,48,93,34,59
1725679372,426,17,22,30,62
1725679432,985,31,53,32,32
1725679492,572,8,45,24,48
1725679552,580,82,144,22,70
1725679612,501,78,11,33,54
1725679672,621,89,82,34,47
1725679732,376,47,149,26,69
1725679792,446,28,93,20,62
1725679852,920,42,132,24,53
1725679912,578,43,85,21,63
1725679972,359,7,111,20,39
1725680032,559,56,119,40,56
1725680092,567,64,34,39,63
1725680152,484,10,3,22,58
1725680212,416,13,7,27,33
1725680272,368,51,51,30,31
1725680332,609,64,99,30,61
1725680392,349,38,35,40,39
1725680452,417,63,134,30,50
1725680512,454,12,60,30,49
1725680572,618,48,102,36,32
1725680632,435,56,136,23,38
1725680692,900,96,10,37,68
1725680752,631,2,71,24,59
1725680812,799,11,71,25,30
1725680872,514,2,51,35,67
1725680932,559,8,60,31,40
1725680992,847,97,23,27,57
1725681052,491,1,62,23,39
1725681112,987,90,0,38,38
1725681172,758,11,112,30,55
1725681232,636,24,13,21,38
1725681292,489,32,112,35,45
1725681352,487,93,146,30,55
1725681412,550,78,150,31,61
1725681472,987,78,116,21,48
1725681532,747,84,13,32,66
1725681592,766,84,56,37,58
1725681652,833,67,101,28,65
1725681712,540,77,52,40,60
1725681772,736,3,38,22,40
1725681832,708,85,96,34,70
1725681892,329,31,2,24,56
1725681952,393,97,6,22,50
1725682012,554,82,51,34,56
1725682072,366,17,144,39,62
1725682132,745,74,139,32,36
1725682192,969,61,100,35,38
1725682252,778,94,141,39,62
1725682312,811,3,78,37,33
1725682372,401,44,17,29,54
1725682432,477,91,36,21,43
1725682492,918,51,86,30,51
1725682552,803,83,83,23,67
1725682612,519,30,97,39,59
1725682672,481,22,80,23,65
1725682732,650,100,76,36,50
1725682792,390,50,6,37,38
1725682852,680,23,144,32,45
1725682912,963,22,117,39,41
1725682972,879,15,61,36,50
1725683032,912,63,137,29,39
1725683092,764,85,128,39,47
1725683152,367,58,61,24,53
1725683212,639,18,94,33,30
1725683272,739,42,12,37,60
1725683332,777,57,14,36,51
1725683392,909,48,131,32,31
1725683452,560,44,110,40,58
1725683512,395,19,150,25,59
1725683572,567,68,123,37,59
1725683632,714,5,139,40,42
1725683692,755,70,96,31,47
1725683752,748,58,46,31,49
1725683812,813,92,30,33,42
1725683872,501,20,83,20,47
1725683932,373,74,131,21,63
1725683992,888,18,149,39,62
1725684052,728,91,148,35,70
1725684112,378,82,10,37,41
1725684172,874,50,87,34,56
1725684232,426,97,98,37,58
1725684292,998,99,42,21,69
1725684352,844,0,135,28,47
1725684412,707,100,136,32,48
1725684472,805,60,104,29,50
1725684532,793,33,136,32,52
1725684592,956,78,141,39,43
1725684652,589,85,50,26,33
1725684712,425,12,46,37,46
1725684772,494,92,20,27,58
1725684832,829,60,136,40,47
1725684892,596,93,124,35,59
1725684952,730,35,128,28,69
1725685012,306,44,5,30,38
1725685072,532,41,76,40,48
1725685132,555,100,138,20,56
1725685192,589,2,77,36,48
1725685252,697,33,140,25,38
1725685312,485,56,111,20,33
1725685372,682,5,123,38,49
1725685432,363,40,67,39,37
1725685492,837,6,134,20,59
1725685552,649,96,120,28,30
1725685612,753,65,53,22,57
1725685672,926,9,1,37,54
1725685732,998,88,73,33,63
1725685792,776,91,82,31,47
1725685852,595,85,132,22,66
1725685912,498,28,100,35,67
1725685972,881,80,35,28,34
1725686032,832,26,70,33,45
1725686092,678,29,146,37,67
1725686152,542,47,70,35,51
1725686212,449,49,85,38,59
1725686272,599,20,86,22,38
1725686332,422,46,110,26,65
1725686392,545,39,131,24,35
1725686452,654,97,123,25,57
1725686512,897,94,58,28,50
1725686572,828,23,45,31,44
1725686632,634,70,142,27,54
1725686692,362,46,135,36,33
1725686752,763,16,15,37,64
1725686812,666,1,120,30,44
1725686872,571,85,32,29,60
1725686932,660,31,93,35,70
1725686992,416,26,100,39,39
1725687052,523,82,27,23,43
1725687112,408,72,79,38,44
1725687172,356,69,54,26,39
1725687232,945,25,32,22,69
1725687292,787,16,47,20,37
1725687352,399,93,53,27,52
1725687412,518,50,74,36,62
1725687472,476,18,43,23,38
1725687532,442,51,13,34,59
1725687592,805,3,149,25,55
1725687652,977,54,83,27,57
1725687712,924,74,26,27,38
1725687772,991,20,133,33,31
1725687832,987,55,46,32,51
1725687892,547,73,42,34,63
1725687952,440,67,60,23,56
1725688012,487,11,79,23,43
1725688072,779,15,5,26,58
1725688132,659,87,21,21,60
1725688192,846,56,29,27,34
1725688252,341,29,56,20,57
1725688312,631,100,144,39,70
1725688372,381,55,75,40,53
1725688432,658,89,64,38,42
1725688492,806,91,48,33,44
1725688552,451,13,116,20,66
1725691458,0,0,0,0,0
